class,rank,word,coefficient
business,1,company,0.6812665075371398
business,2,market,0.4302433290949461
business,3,mr,0.37934157275706326
business,4,companies,0.37826098624839244
business,5,flight,0.3174781309997703
business,6,billion,0.2949954253828459
business,7,consumers,0.2911823703957751
business,8,industry,0.2844090246685281
business,9,bank,0.28324302539957197
business,10,european,0.2705292119899529
business,11,commission,0.2648105681381797
business,12,trade,0.2611816735620314
business,13,professor,0.25949858322214997
business,14,much,0.24976410145570235
business,15,europe,0.2447841234168134
business,16,union,0.24435200735071852
business,17,percent,0.24150207757108078
business,18,airline,0.23805068499699902
business,19,economic,0.23104476678726735
business,20,are,0.2262530033875161
politics,1,mr,0.7118381770449458
politics,2,state,0.48659410682046594
politics,3,washington,0.4733737751714454
politics,4,republican,0.41815989955330396
politics,5,obama,0.34713198323161626
politics,6,law,0.3393913513086841
politics,7,officials,0.33418191846886314
politics,8,republicans,0.33051831530801695
politics,9,ms,0.31715945764373127
politics,10,senator,0.3063135558675591
politics,11,texas,0.30048613434807536
politics,12,house,0.2934182000632122
politics,13,police,0.25792987582590066
politics,14,defense,0.2568420496311871
politics,15,military,0.2545916617212423
politics,16,bill,0.24925664669864991
politics,17,county,0.24742744471538108
politics,18,he,0.2434711494939951
politics,19,john,0.24218385155439798
politics,20,supreme,0.24158986033497792
sports,1,players,0.8052499297926285
sports,2,league,0.7006596591416934
sports,3,game,0.57263656963385
sports,4,team,0.5546691012963814
sports,5,player,0.5545893189119806
sports,6,football,0.497316866834175
sports,7,sports,0.4756029472953474
sports,8,season,0.4488048594969038
sports,9,play,0.40258995909443507
sports,10,coach,0.3656773986699589
sports,11,club,0.36058083040399064
sports,12,games,0.3578144397513536
sports,13,cup,0.35757618319068046
sports,14,tournament,0.35305427832799685
sports,15,world,0.3391383061351428
sports,16,won,0.33243545398491664
sports,17,stadium,0.3253258573119248
sports,18,playing,0.3068344902482279
sports,19,fans,0.2952454645745149
sports,20,teams,0.29034645458847586
