text,true_label,binary_pred,frequency_pred
"two states that hired the same lead contractor to build their online marketplaces for health insurance under president obama's affordable care act have experienced so many problems and delays that they are threatening to withhold millions of dollars in payments to the company and even seek refunds. massachusetts health officials said they will meet in early january to decide whether to suspend payments to the company, cgi federal, which has also been criticized — and questioned during a congressional hearing — for its central role in building the problem-plagued federal health insurance exchange . the state may also seek a refund from the firm, which is an american subsidiary of the canadian-based cgi group.already, vermont has refused to pay.1 million of its contract with the company and is trying to get hundreds of thousands of dollars refunded. the two states' problems with cgi were reported by the boston globe .under the affordable care act, eligible americans who do not have health insurance through their workplace or another source can sign up for coverage through a health care exchange that will provide a menu of options and information on subsidies . open enrollment runs through march; those who have not signed up by then could face penalties .fourteen states, including massachusetts and vermont, created their own online marketplaces, and the rest depend on the exchange operated by the federal government .while the federal site had a rocky rollout on oct. 1, several of the state exchanges also stumbled. in hawaii, the site created by cgi performed so poorly that the head of the exchange stepped down this month. other exchanges — including kentucky's and california's, on which cgi worked as a subcontractor — have performed relatively well.""right now, our current focus is ensuring there are no gaps or delays in coverage for our members,"" said jason lefferts, a spokesman for massachusetts health connector, the state's insurance exchange . ""we will be coming back to the board in january to discuss further accountability for the i.t. vendor, and also talk about the path forward ."" massachusetts has already paid cgi $11 million under a $69 million contract .mr. lefferts said that the exchange continued to perform slowly and that people had ""recurring problems"" creating accounts and logging in. ""we still don't have the automated ability to process an application and determine someone's eligibility,"" he said. ""we also don't have the ability to send enrollment information directly to the insurance carrier.""lorne gorber, senior vice president for global communications and investor relations at the cgi group, said: ""the goal of the clients and the goal of ourselves is the same: that's to get everything right and not be wasting a lot of time and effort in the clauses of the contracts when we're doing that.""noting that cgi is involved in nine state exchanges, he said, ""it's expected that some of them are not the best performing ones.""""it's important to note that we're not at the bottom of the worst performing ones,"" he added, ""and we're at the top of the list of the best performing ones.""the exchange's performance has been especially nettlesome in massachusetts, which had its own online health insurance system before the affordable care act . because the federal law required so many extra features, the state decided to build a new website — which is now malfunctioning.in vermont, gov . peter shumlin has frequently expressed frustration with his state's insurance exchange, complaining of repeated delays since its unveiling.""i won't tolerate a situation where vermonters go into the holiday season worried and confused by their health care options come january 1 st,"" the governor said in late october, when problems with the state website forced him to delay some enrollment deadlines.continued trouble, though, has prompted vermont to hold back a.1 million payment and threaten to withhold more if the problems are not fixed. so far, the state has paid only $19 million of its $83 million contract with cgi .mark larson, vermont's commissioner of health access, sent cgi two letters last month contending that the company had failed to deliver on its contract by missing critical deadlines and charging for services never performed, among other things.""most importantly,"" mr. larson wrote, "" cgi has yet to provide the state of vermont with a fully functioning website. vermont residents still cannot buy their health plans online, as promised.""",politics,politics,business
"a new congressional report criticizes the federal government for awarding tens of billions of dollars in contracts to companies even though they were found to have violated safety and wage laws and paid millions in penalties. issued on behalf of the democratic senators on the health, education, labor and pension committee, the report cited examples over the past six years.for instance, imperial sugar had.8 million in federal contracts last year, even though it paid $6 million in safety penalties over a 2008 factory explosion in georgia that killed 14 workers. the report also noted that the federal government had awarded.2 billion in contracts to tyson foods since, even though tyson has faced more than,000 in safety penalties since 2007 and 11 of its workers have died on the job since.the report urges the government to weigh a company's safety and wage violations more closely as it awards contracts, which are about $500 billion a year to companies employing 26 million workers, representing 22 percent of the nation's work force. it stops short of recommending automatic suspension of contracts or debarring contractors that were found to have violated federal laws, partly because government agencies were sometimes at fault, a committee staff member said."" taxpayer dollars are routinely being paid to companies that are putting the livelihoods and the lives of workers at risk,"" the report said. ""many of the most flagrant violators of federal workplace safety and wage laws are also recipients of large federal contracts .""according to the report, 18 federal contractors — including imperial sugar — were among the recipients of the largest 100 penalties issued by the occupational safety and health administration from 2007 to. the report found that 32 federal contractors were among the leading companies in the amount of back pay assessed for wage violations between 2007 and.""overall, the 49 federal contractors responsible for large violations of federal labor laws were cited for,776 separate violations of these laws and paid $196 million in penalties and assessments,"" the report said. ""in fiscal year, these same companies were awarded $81 billion in taxpayer dollars .""the report, commissioned by the committee's chairman, tom harkin, democrat of iowa, recommended that the labor department improve the quality of information it provides about violations, and urged the agency to publish an annual list of federal contractors, showing the penalties they faced and their rate of compliance with wage and safety laws.in addition, the report called on the president to require contracting officers to consult with the labor department to determine whether the contractor meets ""responsibility"" standards to qualify for federal contracts .""the administration is committed to ensuring that our government is doing business only with contractors who place a premium on integrity and good business ethics,"" said steve posner, a spokesman for the office of management and budget . he added, ""we have taken aggressive steps to hold contractors accountable.""the dollar value of federal contracts for services — whether weapons development, janitorial work or health services — has tripled, to $307 billion in, since, according to the report.gary mickelson, a spokesman for tyson foods, which provides poultry, meat and other products to the agriculture and defense departments, said, ""we don't want anyone hurt on the job, so we're continually promoting the importance of safety among the,000 people we employ.""the committee report described five fatal episodes since 1999 in which tyson workers died, including one in september 2009 in which an employee was cleaning grain buildup when the ladder he was using slipped and fell. the smooth metal floor of the grain bin was covered in grain dust and debris. in december, a tyson employee died when a full corn silo collapsed, engulfing him in nine million pounds of corn.mr. mickelson said: ""we cooperated with government safety officials and took corrective measures. providing a safe work environment for our team members is one of our company's core values .""an employee at imperial sugar's headquarters in sugar land, tex., referred calls to its parent company, the louis dreyfus group. officials at louis dreyfus did not respond to several phone messages .the senate committee's staff noted that the management and training corporation, a utah -based company that runs private prisons, had.8 million in federal contracts last year despite having to pay $21 million in back pay because of wage violations .issa arnita, a spokesman for management and training, said that problem arose because the federal agency, immigration and customs enforcement, had failed to explain to the company that it was required to pay higher wages under federal law at a detention center in texas .in, the obama administration was considering a plan in which it would, when awarding contracts, have given preference to companies that provided their workers with what it deemed good wages and benefits . but that plan was sidelined.an aide on the committee said that the obama plan aimed to give ""gold stars to high road companies,"" while the new report was aimed at ensuring compliance. the report noted that the oil company bp seemed to face no limitations on its ability to obtain federal contracts after the 2005 fatal explosion that killed 15 workers at a refinery in texas city, texas . bp has paid more than $20 million in fines for safety violations there.but bp was suspended from receiving federal contracts for at least 18 months after the deepwater horizon explosion in april, which killed 11 workers and spread oil in the gulf of mexico .the report voiced dismay that a major database on federal contractors contained no allegations of misconduct about bp related to the deepwater horizon and texas city explosions.",business,politics,business
"when jim mccrery, a former louisiana congressman, urged lawmakers last month to pursue entitlement cuts and tax reform, he was introduced on television as a leader of fix the debt, a group of business executives and onetime legislators who have become washington's most visible and best-financed advocates for reining in the federal deficit .mr. mccrery did not mention his day job: a lobbyist with capitol counsel l.l.c. his clients have included the alliance for savings and investment, a group of large companies pushing to maintain low tax rates on dividend income, and the win america campaign, a coalition of multinational corporations that lobbied for a one-time "" repatriation holiday"" allowing them to move offshore profits back home without paying taxes .in washington's running battles over taxes and spending, mr. mccrery and his colleagues at fix the debt have lent a public-spirited, elder-statesman sheen to the cause of deficit reduction . leading up to the fiscal negotiations, they set up grass-roots chapters around the country, met with president obama and his aides, and hosted private breakfasts for lawmakers on capitol hill . in recent days, fix the debt has redoubled its efforts, starting a new national advertising campaign and calling on mr. obama and congress to revise the tax code and reduce long-term spending on entitlement programs .but in the weeks ahead, many of the campaign's members will be juggling their private interests with their public goals: they are also lobbyists, board members or executives for corporations that have worked aggressively to shape the contours of federal spending and taxes, including many of the tax breaks that would be at the heart of any broad overhaul. while fix the debt criticized the recent fiscal deal between mr. obama and lawmakers, saying it did not do enough to cut spending or close tax loopholes, companies and industries linked to the organization emerged with significant victories on taxes and other policies.""some of these folks who are trying to be part of the solution have also been part of the problem,"" said jared bernstein, a senior fellow at the center on budget and policy priorities, a liberal-leaning advocacy group, and a former economic adviser to vice president joseph r . biden jr . ""they've often fought hard against the kind of balance that we need on the revenue side. many of the people we're talking about are associated with policies that would make it a lot harder to fix the debt .""sam nunn, a former democratic senator from georgia who is a member of fix the debt's steering committee, received more than,000 in compensation in 2011 as a board member of general electric . the company is among the most aggressive in the country at minimizing its tax obligations. mr. mccrery, the louisiana republican, is also among g.e.'s lobbyists, according to the most recent federal disclosures, monitoring federal budget negotiations for the company .other board members and steering committee members have deep ties to the financial industry, including private equity, whose executives have aggressively fought efforts to alter a tax provision, known as the carried interest exception, that significantly reduces their personal income taxes .erskine b. bowles, a co-founder of fix the debt, was paid,000 in stock and cash in 2011 as a board member at morgan stanley, while judd gregg, a former republican senator from new hampshire and a co-chairman of fix the debt, is a paid adviser to goldman sachs . both companies have engaged in lobbying on international tax rules .mr. gregg also sits on the boards of honeywell and intercontinentalexchange, a company that has warned investors that a tax on financial transactions would lower trading volume and curtail its profits . the two companies paid mr. gregg almost,000 in cash and stock in.in all, close to half of the members of fix the debt's board and steering committee have ties to companies that have engaged in lobbying on taxes and spending, often to preserve tax breaks and other special treatment .fix the debt does not endorse specific tax proposals. instead, it advocates broad principles for debt reduction, including ""comprehensive and pro- growth tax reform, which broadens the base, lowers rates, raises revenues and reduces the deficit ."" a spokesman, jon romano, said that the executives involved with the campaign were committed to tax reform, even if it closed loopholes that benefited their companies .""all the people involved in this campaign have said from the beginning that everything has to be on the table,"" mr. romano said. ""our c.e.o.'s, our state chapters, our small-business leaders — they are all willing to give something up for the sake of the country.""those involved with the campaign say they have tried to separate their advocacy for fix the debt and their private work for clients . vic fazio, a former democratic congressman from california who is on the campaign's steering committee, is a lobbyist at akin gump, a firm whose clients include kkr, a leading private equity shop, and the private equity growth capital council, an industry trade group .mr. fazio said that he and other people involved with the campaign had tried to set aside their parochial interests and had assumed that any grand bargain between mr. obama and congress would include some elements they did not like.""the people who have signed up to work with fix the debt are people with lots of tax preferences that are important to their business model,"" mr. fazio said. ""but they go along with it because they think there is an overriding benefit to their companies and to the country.""but so far, at least, the companies and industries most closely linked to fix the debt have been aggressive in defending their narrower legislative interests.the fiscal deal preserved the carried interest loophole, eliminated most of a large prospective increase in dividends taxes and preserved a tax break, known as the active financing exception, that allows g.e. and other multinational companies to avoid paying united states taxes on overseas profits .the deal also forestalled large automatic cuts in military spending, a boon to contractors like honeywell. the company's chief executive, david m. cote, is a co-founder of fix the debt ; the group's ""core principles,"" which call for retrenchment in entitlement programs like social security, make no mention of military spending, which constitutes about a fifth of the federal budget .""it's easier to get face time in washington as a deficit hawk than as a corporate hack,"" said kevin connor, the director of the public accountability initiative, a watchdog group . ""they are spending millions, but they are protecting billions in defense contracts and tax giveaways that would otherwise be on the chopping block.""yet after an election in which many industries, including wall street, bet heavily against mr. obama, fix the debt has also had more credibility among democrats than some traditional business groups like the united states chamber of commerce . the chamber, by far the largest business advocacy group in washington, staunchly opposed proposals to raise taxes before the fiscal deal.at a news conference in new york on tuesday, mr. bowles suggested that fix the debt was just getting started.""i'm not a quitter,"" he said at the event, which was sponsored by nasdaq, the country's second-largest stock exchange . ""we're going to stay until we get the job done.""",politics,politics,business
"seeking to increase pressure on mcdonald's, wendy's and other fast-food restaurants, organizers of a movement demanding a $15-an-hour wage for fast-food workers say they will sponsor one-day strikes in 100 cities on thursday and protest activities in 100 additional cities.as the movement struggles to find pressure points in its quest for substantially higher wages for workers, organizers said strikes were planned for the first time in cities like charleston, s.c.; providence, r.i.; and pittsburgh .the protests have expanded greatly since november, when 200 fast-food workers engaged in a one-day strike at more than 20 restaurants in new york city, the first such walkout in the history of the nation's fast-food industry.""there's been pretty huge growth in one year,"" said kendall fells, one of the movement's main organizers . ""people understand that a one-day strike is not going to get them there. they understand that this needs to continue to grow .""the movement, which includes the groups fast food forward and fight for, is part of a growing union-backed effort by low- paid workers — including many walmart workers and workers for federal contractors — that seeks to focus attention on what the groups say are inadequate wages.the fast-food effort is backed by the service employees international union and is also demanding that restaurants allow workers to unionize without the threat of retaliation. officials with the national restaurant association have said the one-day strikes are publicity stunts. they warn that increasing pay to $15 an hour when the federal minimum wage is.25 would cause restaurants to rely more on automation and hire fewer workers.industry officials say that only a small percentage of fast-food jobs pay the minimum wage and that those are largely entry-level jobs for workers under. backers of the movement for higher pay point to studies saying that the average age of fast-food workers is 29 and that more than one-fourth are parents raising children.simon rojas, who earns.07 an hour working at a mcdonald's in south central los angeles, said he would join thursday's one-day strike .""it's very difficult to live off.07 an hour,"" said mr. rojas, 23, noting that he is often assigned just 20 or 25 hours of work a week. ""i have to live with my parents. i would like to be able to afford a car and an apartment.""mr. rojas said he had studied for a pharmacy technician's certificate, but he had been unable to save the $100 needed to apply for a license.on aug. 29, fast-food strikes took place in more than 50 cities. this week's expanded protests will be joined by numerous community, faith and student groups, including usaction and united students against sweatshops.",business,politics,business
"washington — with its new budget deal, congress has avoided one threat of another government shutdown . but unless congress acts, the threat of a breach of the debt ceiling looms early next year, the treasury department warned in a letter to congressional leaders on thursday. treasury secretary jacob j . lew said that the government might run out of cash to pay the country's bills by late february or early march. that sets up yet another showdown in congress over raising or suspending the debt limit, a statutory limit on the total amount of united states borrowing, early in the year.""the creditworthiness of the united states is an essential underpinning of our strength as a nation; it is not a bargaining chip to be used for partisan political ends,"" mr. lew said in the letter. ""increasing the debt limit does not authorize new spending commitments. it simply allows the government to pay for expenditures congress has already approved.""the white house has generally refused to exchange any budgetary or policy changes for raising the debt ceiling with republicans . a senior treasury official who spoke on the condition of anonymity said that remained the case .but this month, representative paul ryan, the wisconsin republican who heads the house budget committee, said that republicans would insist on a negotiation . ""we don't want nothing out of this debt limit,"" he said on "" fox news sunday ."" ""we are going to decide what it is we can accomplish out of this debt limit fight.""currently, the treasury is able to issue debt as needed. come feb. 7, it loses that ability, according to a deal brokered in congress to end the government shutdown this fall. at that point, the treasury would have to use "" extraordinary measures "" to free up enough cash to pay the country's bills.those measures buy only so much time, the treasury warned congress again. by early march at the latest, the country would be on the precipice of default.previously, the so-called extraordinary measures have bought the treasury months, rather than weeks. but early in the year, the treasury generally runs a deficit until tax payments start flowing in later in the spring. for that reason, the department expects its extraordinary measures to be used up more quickly.the senior treasury official expressed some optimism that the recent détente between congressional democrats and republicans — including the passage of a bipartisan budget deal to set spending levels for the next two years — might continue next year. the official also said that the repeated experience of getting close to default, leading to drops in business confidence and queasiness in the financial markets, might spur both sides to cut a deal.",business,politics,business
"after jimmy haslam bought the cleveland browns in the summer, he stood in the middle of a field at his very first practice, wearing a browns t-shirt and shorts, a promising sign that the franchise — one of the n.f.l.'s most storied, but long lagging while in the hands-off control of the former owner randy lerner — would finally have the attention and enthusiasm of the person in charge.on monday, however, it became clear that haslam, who paid more than $1 billion for the browns and only a few days ago sold the minority stake he had held in the pittsburgh steelers, has much bigger concerns than which players the browns will select in next week's draft. agents from the federal bureau of investigation and the internal revenue service raided and locked down the headquarters of pilot flying j, the family business of truck stops and convenience stores run by haslam, on monday afternoon in knoxville, tenn., as part of a continuing investigation.""it will take some time for us to finish what we're doing,"" marshall stone, the spokesman for the f.b.i. office in knoxville, said, declining to provide further details .the scene monday, according to what a pilot flying j employee told the knoxville news sentinel, involved a few dozen federal and local law enforcement officials, some wearing bulletproof vests, swiftly moving through the three office buildings on the corporate campus. they were verifying employees' identifies and job titles, instructing them to turn off their computers and cellphones, and telling some to stay while sending others home.haslam, 59, told reporters tuesday that the investigation was related to rebates that customers complained had not been properly paid. ""it does not involve any tax issues,"" he said.documents were seized by the authorities during the search; haslam said he did not know specifically which ones. he added that although he had not been subpoenaed, some members of the company's sales staff had been. he also said that he planned to be in cleveland on thursday and friday to prepare for the draft and apologized because ""the last thing we ever want to do is put any blemish on cleveland or the browns .""in a statement given to reporters tuesday in the form of a q. and a., the company acknowledged that multiple search warrants were served monday. the statement also said the investigation appeared to center on the application of rebates to what the company said was a small number of trucking company customers . the company statement said that, to their knowledge, no company executives were targets. and it seemed to raise the question of whether the raid could be politically motivated ; haslam's brother bill, the former president of the company, is the governor of tennessee .""that's not for us to say,"" the statement said, in reply to its own question. pilot flying j owns more than 600 travel centers throughout the country and employs more than,000 people. forbes magazine called it one of the country's largest privately held companies, with $29 billion in sales annually. the haslam family, according to forbes, owns 59 percent of pilot, with jimmy haslam owning 35 percent of that share. the magazine lists jimmy haslam's net worth at.8 billion.haslam, whose father, jim, played football at tennessee, bought a minority stake in the steelers in. in the summer, he became aware that lerner was looking to sell the team, and little more than a month later, haslam bought it. the n.f.l. looks closely, and with independent advisers, into the finances of potential owners. if the source of the owner's wealth is a family business, the league looks at the company finances and its reputation. there is also an extensive background check into the individual, similar to those conducted when hiring a top executive .this is not the first time that the haslams' company has had legal trouble. in, the united states department of labor announced an agreement in which the company would pay 110 assistant managers,000 in back wages and damages to resolve violations of the overtime provisions of the fair labor standards act, according to the news sentinel. and the company settled price-gouging allegations in three states by paying fines in the wake of hurricane ike in.haslam, with a commanding speaking style, made a strong first impression in cleveland, promising that there was no chance he would move the team and proclaiming that he would be involved and transparent. that was a marked departure from the reclusive lerner, who inherited the team after the death of his father, al, who purchased the franchise from the n.f.l. in.haslam moved quickly to reshape the franchise . mike holmgren was out as the chief executive, and joe banner was in. after the season, coach pat shurmur and general manager tom heckert were fired. haslam pursued chip kelly, but was rebuffed before kelly left oregon for the philadelphia eagles . haslam hired the rookie head coach rob chudzinski and general manager mike lombardi.haslam spoke to cleveland -area civic organizations. he was named to the board of directors of the cleveland clinic. he and his wife bought a home in the area. but in february, he announced that he would return to pilot flying j as the chief executive . john compton, the former president of pepsico who had been hired in september to give haslam time to focus on the browns, became a ""strategic adviser,"" which includes having input on the browns' marketing efforts .""this is about me realizing my first love is running pilot flying j and wanting to return to that job,"" haslam told the knoxville news sentinel at the time.",sports,sports,business
"washington — senators negotiating a bipartisan deal to keep student loan rates low reached a deal on wednesday night that could end the partisan feud on capitol hill that has threatened to permanently double interest rates.two senate aides said that the new proposal, which had been the subject of tense negotiations since the rates doubled on july, would include both a cap on federal stafford and plus loans and a relatively low interest rate pegged to treasury notes . undergraduates would pay the 10-year treasury note rate, 2.49 percent on wednesday, plus.05 percent, with a cap of.25 percent, to protect them from inflation . graduate students would pay the 10-year treasury rate plus.6 percent, with a cap of.5 percent. loans to parents of students would be given a rate of.6 percent plus the 10-year treasury rate, with a cap of.5 percent.because the senate proposal hews closely to the one the house approved in may, the chances for a deal that can become law have greatly improved. that may not happen until after congress returns from its summer recess after labor day, and house and senate negotiators have an opportunity to reconcile their plans.the issue has been a problem for democrats and republicans in both houses of congress . without a deal, rates would double permanently. congress now sets student loan rates, which were fixed at.4 percent in. when republicans took over the house, they vowed to get the government out of the business of playing banker to students and their families.but in june, just two days before the expiration date, republicans buckled under pressure and extended the fixed rate for one year. this year, president obama and both parties put forward their own plans. house republicans passed their plan in may and then went on the offensive against democrats, who control the senate . senators of both parties have tried to reach a deal for weeks but fought over the cost.",politics,politics,business
"the glock executive testified that he would keep doing business with a gun dealer who had been indicted on a charge of violating firearms laws because ""this is still america"" and ""you're still innocent until proven guilty.""the president of sturm, ruger was not interested in knowing how often the police traced guns back to the company's distributors, saying it ""wouldn't show us anything.""and a top executive for taurus international said his company made no attempt to learn if dealers who sell its products were involved in gun trafficking on the black market . ""i don't even know what a gun trafficker is,"" he said.the world's firearms manufacturers have been largely silent in the debate over gun violence . but their voices emerge from thousands of pages of depositions in a series of liability lawsuits a decade ago, before congress passed a law shielding them from such suits in, and the only time many of them were forced to answer such questions.much of the testimony was marked confidential, and transcripts were packed away in archives at law firms and courthouses around the country. but a review of the documents, which were obtained by the new york times, shows the industry's leaders arguing, often with detachment and defiance, that their companies bear little responsibility, beyond what the law requires, for monitoring the distributors and dealers who sell their guns to the public.the executives claimed not to know if their guns had ever been used in a crime . they eschewed voluntary measures to lessen the risk of them falling into the wrong hands . and they denied that common danger signs — like a single person buying many guns at once or numerous "" crime guns"" that are traced to the same dealer — necessarily meant anything at all.charles brown's company, mks supply, is the sole distributor of an inexpensive brand of gun that frequently turned up in criminal investigations . he said he never examined the trace requests that mks received from federal agents to learn which of his dealers sold the most crime guns. this lack of interest was echoed by charles guevremont, the president of the gun manufacturer browning, who testified that his company would have no reason to review the practices of a dealer who was the subject of numerous trace requests.""that's not for us to enforce the law,"" mr. guevremont said.a discordant note was sounded by one executive — ugo gussalli beretta, a scion of the family of italian firearms makers. his testimony indicated that he did not understand how easy it was to buy multiple guns in the united states, compared with his home country. questioned by a lawyer for the brady center to prevent gun violence, he said he believed — incorrectly — that beretta u.s.a. had a policy requiring its dealers to first determine if there was ""a legitimate need"" for someone to buy so many guns.asked why he thought that, mr. beretta replied, "" common sense ."" because the testimony came in the context of high-stakes litigation, it is difficult to tell how much of it reflected a studied attempt to avoid liability or a fundamentally laissez-faire attitude toward the firearms trade .even so, many of those who testified are still with the same companies, and the issues they were asked about have not gone away. in the wake of the elementary school massacre in newtown, conn., and other recent high-profile shootings, the gun industry's response — that existing laws should be better enforced rather than new restrictions imposed — largely mirrors its stance from a decade ago .because of lobbying by gun-rights groups, there are more restrictions on the government's use of trace data than when the lawsuits began. and the industry continues to oppose limits on multiple gun sales to a single buyer, a major theme of the lawsuits; it is in court fighting a new requirement that dealers report such rifle sales under certain circumstances.regarding mr. beretta's testimony in 2002 about multiple sales, the general counsel of beretta u.s.a., jeffrey reh, said last week that it was possible he had not understood the questions being asked because of the language barrier.""that being said,"" mr. reh said, ""i can advise you that beretta u.s.a.'s position is and has always been that the purchase by an individual of multiple firearms is not, in and of itself, evidence of improper or suspicious behavior.""",politics,business,politics
"in the generally upbeat annals of american military aviation, the plump, snub-nosed little fighter called the brewster buffalo stands out as a turkey .the plane had its day of ignominy in the epic battle of midway in june, when 19 marine pilots valiantly engaged japanese zeroes in dogfights above midway atoll, a strategic speck some,300 miles northwest of honolulu . only five of the pilots and planes returned.in his action report, one of the survivors complained that ""the japanese zero fighter can run circles around the f2a,"" the brewster buffalo model that had been handed down to the marines by the navy because its wheel struts broke during the hard landings on carriers .""it is my belief that any commander that orders pilots out for combat in a f2a-3 should consider the pilot as lost before leaving the ground,"" wrote capt. p. r. white of the marines.intercepting the japanese fleet farther out to sea, the american carriers with more advanced aircraft fared better. in a victory that historians call the turning point in the pacific war, american forces sank four japanese aircraft carriers while losing only one.but among the marines, the buffalo won a reputation as a flying coffin. it was soon replaced by more agile fighters and the aircraft, along with the heroism of its hapless pilots, became a largely forgotten footnote.now, the discovery of the rare wreckage of a brewster buffalo in the midway lagoon, in only 10 feet of water, has rekindled interest in the aircraft and a record that, with the passage of time, seems as colorful as tragic.""this is a very rare aircraft and to find even the wreckage of one is an exciting discovery,"" said hill goodspeed, the historian at the national naval aviation museum in pensacola, fla. ""midway is the site of one of the most famous battles in naval history.""the exploration of the wreck is part of a broad federal effort to document and preserve the historical artifacts and biological wonders in 14 marine sanctuaries the united states has established since the 1970s, from the site of the civil war ironclad monitor in the atlantic to the corals of the florida keys to the rich sea life and war relics of distant pacific atolls.""what we see underwater is really a huge museum of sorts,"" said james delgado, director of maritime heritage with the national oceanic and atmospheric administration, which oversees the sanctuary program. ""this wreckage is part of a larger story, the story of that tiny atoll and its place in world history.""of hundreds of brewster buffalos produced, all at a former car factory in queens, n.y., only one largely intact plane survives, a modified model that was sold to the finns, who used them in the 1940s with more success against soviet invaders. that craft was fished out of a russian lake in 1998 and acquired by the pensacola museum, but is now on loan in finland.the newly discovered wreckage was spotted in june by federal divers who were cleaning up garbage around midway atoll, which is part of the papahanaumokuakea marine national monument, a vast protected area covering the northwest string of the hawaiian archipelago.the divers reported the intriguing sighting to kelly gleason, the monument's honolulu -based chief of marine archaeology. this summer, she led a team that mapped and photographed the half-buried parts, including a bent propeller with a large coral head growing from its middle, tires with a goodyear label intact and clusters of unspent ammunition.from the distinctive, notorious wheel struts, the nine- cylinder engine and other evidence, ms. gleason said, she identified the wreck as a brewster buffalo . from marine records she discovered that in february, a few months before the climactic battle, a lt. charles w. somers jr. landed short of the runway when returning in a dark squall. the plane sank as lieutenant somers swam to safety.",politics,sports,business
"washington — the technology troubles that plagued the healthcare. gov website rollout may not have come as a shock to people who work for certain agencies of the government — especially those who still use floppy disks, the cutting-edge technology of the 1980s.every day, the federal register, the daily journal of the united states government, publishes on its website and in a thick booklet around 100 executive orders, proclamations, proposed rule changes and other government notices that federal agencies are mandated to submit for public inspection.so far, so good.it turns out, however, that the federal register employees who take in the information for publication from across the government still receive some of it on the.5-inch plastic storage squares that have become all but obsolete in the united states .now government infrastructure experts are hoping that public embarrassments like the healthcare. gov debacle will prompt a closer look at the government's technological prowess, especially if it might mean getting rid of floppy disks.""you've got this antiquated system that still works but is not nearly as efficient as it could be,"" said stan soloway, chief executive of the professional services council, which represents more than 370 government contractors. "" companies that work with the government, whether longstanding or newcomers, are all hamstrung by the same limitations.""the use of floppy disks peaked in american homes and offices in the mid-1990s, and modern computers do not even accommodate them anymore. but the federal register continues to accept them, in part because legal and security requirements have yet to be updated, but mostly because the wheels of government grind ever slowly.davita vance-cooks, the head of the government printing office, which prints the federal register and publishes it online, spoke at a congressional hearing on wednesday about her department's attempts to make its work remain relevant in a post-print world. despite creating mobile apps, the federal register still requires agencies to submit information on paper, with original signatures, though they can create a digital signature via a secured email system.agencies are also permitted to submit the documents on cd-roms and floppy disks, but not on flash drives or sd cards. ""the federal register act says that an agency has to submit the original and two duplicate originals or two certified copies,"" said amy p. bunk, the federal register's director of legal affairs and policy. as long as an agency does that through one of the approved methods of transmission, she said, ""they've met the statutory requirement.""but the secure email system — which uses software called public key infrastructure technology — is expensive, and some government agencies have not yet upgraded to it. as a result, some agencies still scan documents on to a computer and save them on floppy disks. the disks are then sent by courier to the register.ms. bunk said that although many agencies did use the secure email system, the federal register could not require it until congress made it compulsory by law.""there are limits as to how far we can make the agencies do everything in lock step,"" said jim bradley, the assistant public printer for the government printing office. federal budget cuts, he said, had helped slow down any modernization.""we've got to accommodate the funding and everything else,"" mr. bradley said. ""some agencies move forward with technology, and that's great. other agencies aren't ready to go this year, maybe not next year.""a spokesman for the federal register would not say which agencies still used floppy disks. but at the register's office, a modest space on north capitol street in sight of the capitol dome, couriers were recently seen coming in and out as an employee pulled a floppy disk from one package and at least two cd-roms from others.meanwhile, experts say that an administration that prided itself on its technological savvy has a long way to go in updating the computer technology of the federal government . healthcare. gov and the floppy disks of the federal register, they say, are but two recent examples of a government years behind the private sector in digital innovation.mr. soloway, of the professional services council, said that the government's technology was also causing it to fall behind in cooperation with the private sector . ""it's undoubtedly inhibiting the expansion"" of what corporations are willing to do with the government, mr. soloway said. ""and it remains an inhibitor for the next generation of companies .""",politics,politics,business
