query,rank,similar_word,similarity
market,1,markets,0.7767775058746338
market,2,economy,0.7621569633483887
market,3,industry,0.7063133120536804
market,4,trend,0.6994022130966187
market,5,sector,0.6624724268913269
market,6,stocks,0.6580347418785095
market,7,growth,0.6496570110321045
market,8,automakers,0.6451177000999451
market,9,prices,0.643178403377533
market,10,peugeot,0.6309195756912231
company,1,retailer,0.7453855276107788
company,2,corporation,0.7272627949714661
company,3,fiat,0.7265982031822205
company,4,renault,0.7202526330947876
company,5,volkswagen,0.7164158225059509
company,6,automaker,0.7154344916343689
company,7,chrysler,0.7087307572364807
company,8,peugeot,0.7026347517967224
company,9,blackberry,0.6992360949516296
company,10,toyota,0.6918501257896423
president,1,chairman,0.6861547231674194
president,2,administration,0.6695569753646851
president,3,chairwoman,0.6677649021148682
president,4,barack,0.6616391539573669
president,5,secretary,0.6454876065254211
president,6,commissioner,0.5984976291656494
president,7,adviser,0.5959065556526184
president,8,adm,0.5918374061584473
president,9,correspondent,0.5721325278282166
president,10,mayor,0.5647017359733582
government,1,congress,0.711715817451477
government,2,regulators,0.6843926906585693
government,3,governments,0.6678172945976257
government,4,alitalia,0.6672549843788147
government,5,commission,0.6539856791496277
government,6,debt,0.6518475413322449
government,7,economy,0.6504418849945068
government,8,budget,0.6434019804000854
government,9,taxpayers,0.6352748274803162
government,10,banks,0.6289236545562744
football,1,basketball,0.6915269494056702
football,2,soccer,0.6701244711875916
football,3,sport,0.5736182928085327
football,4,hockey,0.567589521408081
football,5,sports,0.5193063616752625
football,6,college,0.5002493262290955
football,7,prep,0.49750998616218567
football,8,coaches,0.49145078659057617
football,9,baseball,0.4832715392112732
football,10,athletic,0.4825526177883148
team,1,squad,0.6897929906845093
team,2,franchise,0.597876250743866
team,3,teams,0.5949500799179077
team,4,game,0.5212856531143188
team,5,player,0.5038800239562988
team,6,offense,0.4897710382938385
team,7,roster,0.4774359464645386
team,8,league,0.4774288237094879
team,9,ers,0.4583473801612854
team,10,lineup,0.4564104676246643
