text,true_label,nyt_word2vec_pred,ag_word2vec_pred
"washington — president obama suggested that he was likely to nominate a new federal reserve chairman later this year, saying in a television interview aired late monday that the current chairman, ben s. bernanke, had ""already stayed a lot longer than he wanted or he was supposed to.""mr. obama praised mr . bernanke's leadership of the fed, which has mounted an aggressive campaign to revive the economy over the last several years. his second term as chairman of the central bank runs through the end of january.""well, i think ben bernanke has done an outstanding job,"" mr. obama told the journalist charlie rose on pbs . he added later, ""he has been an outstanding partner along with the white house, in helping us recover much stronger than, for example, our european partners from what could have been an economic crisis of epic proportions.""the president avoided a direct question about whether he would consider reappointing mr. bernanke. but the interview, taken together with recent comments by mr. bernanke, reinforces a growing expectation that the administration plans to nominate a new fed chairman later this year. the senate needs to approve the nomination. only three people have held the position in the last 30 years, and the obama administration has an opportunity to put a democrat atop the central bank for the first time since the resignation of paul volcker in the late 1980s.janet yellen, the fed's vice chairwoman, is widely regarded as a leading candidate. she would become the first woman to head the fed or any other major central bank . other possible candidates include two former obama advisers, timothy f. geithner and lawrence summers, and roger ferguson, former fed vice chairman .mr. bernanke will probably face another round of questions about his own plans at a news conference on wednesday afternoon, following the end of a two-day meeting of the fed's policy-making committee .he has said that he will not attend an annual summer conference in jackson hole, wyo., the first time in 25 years that the fed chairman has skipped the event. and mr. bernanke, who has made a point throughout his tenure of pushing back against the cult of personality that enshrouded some of his predecessors, emphasized in march that he saw no need to stay until the fed's stimulus campaign is over.""i don't think that i'm the only person in the world who can manage the exit"" from the fed's current policies, mr. bernanke said.",business,business,politics
"coffee is a way of life in sweden. it is not simply a beverage you grab to go, or something used for a jolt in the morning. coffee is an experience.particular aspects of swedish culture have made me aware of how inherently american i am. i am never satisfied — always looking to do more or find methods to do things better. in many ways, this is a wonderful quality and has been the backbone for my career. but i've learned to couple this with a bit of swedish mentality, which also can be extremely beneficial. i have learned this through coffee.what i've come to enjoy about swedes is that there is rarely any rush or agenda behind their coffee drinking. a coffee is taken (as they say) after every meal and is often included in the price of the meal. most swedes drink their coffee black, or with a touch of milk and/or sugar. it is not convoluted by cream, excessive sweetener or flavoring.this experience is similarly wholesome — typically not marred by any planned purpose or urgency of any sort. as an american, i had been accustomed to getting coffee to boost my energy during a day packed with activities . or sometimes i would plan to meet over coffee to discuss business or catch up with friends. in sweden, i've come to relish the art of what is called fika. fika, as a noun, refers to the combination of coffee and usually some sort of sweet snack. but fika, as a verb, is the act of partaking in a swedish social institution.my soccer career has been nothing short of a roller-coaster ride . because i am so heavily invested, every success or momentary failure can wreak havoc on my mind and spirit. i have learned in some ways to thrive on the tumult, but in other ways the upheaval takes a huge toll. the fika experience is a time of stillness amid my roller-coaster ride . i used to go sit in a coffee shop to write, or check things off from my to-do list. but the true nature of the fika is to enjoy time and company with no plan or purpose. to fika is not to do, but simply to be.at times, living abroad was tough. it can be excruciatingly lonely to uproot your life and settle in a new place. in addition, the second half of our season at kopparbergs/goteborg was difficult, to say the least. we had a number of disappointing performances, a team wracked with injuries and illness, and our coach (torbjorn nilsson, who is highly respected and who coached at the club for six years) announced his intention to quit with a few games left.i recently arrived home from sweden with a day to spare before being thrown into yet another emotionally turbulent environment: camp with the u.s. women's national team . the life of a professional soccer player does include ample free time, but i realize more and more that the mind is never at rest. when i'm off the field, i often replay training or game situations again and again or visualize future ones.these situations have led me to appreciate some things i typically might overlook in a more comfortable situation or when everything is running smoothly. i have learned to thoroughly enjoy the company of good people, for no other reason than to enrich my life and feel the joy of their companionship. i have learned to shut off my inner drive and personal angst temporarily. and i have learned, over a cup of coffee, for even a brief time to stop doing and to enjoy just being.yael averbuch, a native of montclair, n.j., recently completed her contract with kopparbergs/goteborg in sweden and is in the pool of u.s. national team players. she is currently a free agent seeking a new club.",sports,sports,business
"a new congressional report criticizes the federal government for awarding tens of billions of dollars in contracts to companies even though they were found to have violated safety and wage laws and paid millions in penalties. issued on behalf of the democratic senators on the health, education, labor and pension committee, the report cited examples over the past six years.for instance, imperial sugar had.8 million in federal contracts last year, even though it paid $6 million in safety penalties over a 2008 factory explosion in georgia that killed 14 workers. the report also noted that the federal government had awarded.2 billion in contracts to tyson foods since, even though tyson has faced more than,000 in safety penalties since 2007 and 11 of its workers have died on the job since.the report urges the government to weigh a company's safety and wage violations more closely as it awards contracts, which are about $500 billion a year to companies employing 26 million workers, representing 22 percent of the nation's work force. it stops short of recommending automatic suspension of contracts or debarring contractors that were found to have violated federal laws, partly because government agencies were sometimes at fault, a committee staff member said."" taxpayer dollars are routinely being paid to companies that are putting the livelihoods and the lives of workers at risk,"" the report said. ""many of the most flagrant violators of federal workplace safety and wage laws are also recipients of large federal contracts .""according to the report, 18 federal contractors — including imperial sugar — were among the recipients of the largest 100 penalties issued by the occupational safety and health administration from 2007 to. the report found that 32 federal contractors were among the leading companies in the amount of back pay assessed for wage violations between 2007 and.""overall, the 49 federal contractors responsible for large violations of federal labor laws were cited for,776 separate violations of these laws and paid $196 million in penalties and assessments,"" the report said. ""in fiscal year, these same companies were awarded $81 billion in taxpayer dollars .""the report, commissioned by the committee's chairman, tom harkin, democrat of iowa, recommended that the labor department improve the quality of information it provides about violations, and urged the agency to publish an annual list of federal contractors, showing the penalties they faced and their rate of compliance with wage and safety laws.in addition, the report called on the president to require contracting officers to consult with the labor department to determine whether the contractor meets ""responsibility"" standards to qualify for federal contracts .""the administration is committed to ensuring that our government is doing business only with contractors who place a premium on integrity and good business ethics,"" said steve posner, a spokesman for the office of management and budget . he added, ""we have taken aggressive steps to hold contractors accountable.""the dollar value of federal contracts for services — whether weapons development, janitorial work or health services — has tripled, to $307 billion in, since, according to the report.gary mickelson, a spokesman for tyson foods, which provides poultry, meat and other products to the agriculture and defense departments, said, ""we don't want anyone hurt on the job, so we're continually promoting the importance of safety among the,000 people we employ.""the committee report described five fatal episodes since 1999 in which tyson workers died, including one in september 2009 in which an employee was cleaning grain buildup when the ladder he was using slipped and fell. the smooth metal floor of the grain bin was covered in grain dust and debris. in december, a tyson employee died when a full corn silo collapsed, engulfing him in nine million pounds of corn.mr. mickelson said: ""we cooperated with government safety officials and took corrective measures. providing a safe work environment for our team members is one of our company's core values .""an employee at imperial sugar's headquarters in sugar land, tex., referred calls to its parent company, the louis dreyfus group. officials at louis dreyfus did not respond to several phone messages .the senate committee's staff noted that the management and training corporation, a utah -based company that runs private prisons, had.8 million in federal contracts last year despite having to pay $21 million in back pay because of wage violations .issa arnita, a spokesman for management and training, said that problem arose because the federal agency, immigration and customs enforcement, had failed to explain to the company that it was required to pay higher wages under federal law at a detention center in texas .in, the obama administration was considering a plan in which it would, when awarding contracts, have given preference to companies that provided their workers with what it deemed good wages and benefits . but that plan was sidelined.an aide on the committee said that the obama plan aimed to give ""gold stars to high road companies,"" while the new report was aimed at ensuring compliance. the report noted that the oil company bp seemed to face no limitations on its ability to obtain federal contracts after the 2005 fatal explosion that killed 15 workers at a refinery in texas city, texas . bp has paid more than $20 million in fines for safety violations there.but bp was suspended from receiving federal contracts for at least 18 months after the deepwater horizon explosion in april, which killed 11 workers and spread oil in the gulf of mexico .the report voiced dismay that a major database on federal contractors contained no allegations of misconduct about bp related to the deepwater horizon and texas city explosions.",business,business,politics
"seeking to increase pressure on mcdonald's, wendy's and other fast-food restaurants, organizers of a movement demanding a $15-an-hour wage for fast-food workers say they will sponsor one-day strikes in 100 cities on thursday and protest activities in 100 additional cities.as the movement struggles to find pressure points in its quest for substantially higher wages for workers, organizers said strikes were planned for the first time in cities like charleston, s.c.; providence, r.i.; and pittsburgh .the protests have expanded greatly since november, when 200 fast-food workers engaged in a one-day strike at more than 20 restaurants in new york city, the first such walkout in the history of the nation's fast-food industry.""there's been pretty huge growth in one year,"" said kendall fells, one of the movement's main organizers . ""people understand that a one-day strike is not going to get them there. they understand that this needs to continue to grow .""the movement, which includes the groups fast food forward and fight for, is part of a growing union-backed effort by low- paid workers — including many walmart workers and workers for federal contractors — that seeks to focus attention on what the groups say are inadequate wages.the fast-food effort is backed by the service employees international union and is also demanding that restaurants allow workers to unionize without the threat of retaliation. officials with the national restaurant association have said the one-day strikes are publicity stunts. they warn that increasing pay to $15 an hour when the federal minimum wage is.25 would cause restaurants to rely more on automation and hire fewer workers.industry officials say that only a small percentage of fast-food jobs pay the minimum wage and that those are largely entry-level jobs for workers under. backers of the movement for higher pay point to studies saying that the average age of fast-food workers is 29 and that more than one-fourth are parents raising children.simon rojas, who earns.07 an hour working at a mcdonald's in south central los angeles, said he would join thursday's one-day strike .""it's very difficult to live off.07 an hour,"" said mr. rojas, 23, noting that he is often assigned just 20 or 25 hours of work a week. ""i have to live with my parents. i would like to be able to afford a car and an apartment.""mr. rojas said he had studied for a pharmacy technician's certificate, but he had been unable to save the $100 needed to apply for a license.on aug. 29, fast-food strikes took place in more than 50 cities. this week's expanded protests will be joined by numerous community, faith and student groups, including usaction and united students against sweatshops.",business,business,politics
"miami — the parents of trayvon martin, the unarmed teenager who was shot by george zimmerman last year, have settled a wrongful-death lawsuit against the homeowners' association in the gated community where he was killed.at the time of the shooting, mr. zimmerman was the neighborhood watch captain at the development, the retreat at twin lakes in sanford, fla., where he lived with his wife. a homeowners' association newsletter sent to residents in february, the same month as the shooting, cited mr. zimmerman as the person to contact for neighborhood watch issues. the newsletter suggested that if concerns arose, they first call the police and then alert mr. zimmerman.after mr. martin's death, his parents, tracy martin and sybrina fulton, sued the association for wrongful death . the amount of the settlement was not revealed. as is customary in such settlements, the association admitted no guilt in mr. martin's death and all parties are bound to confidentiality. the orlando sentinel obtained the portion of the settlement that was made public friday at the seminole county courthouse .the martin family's lawyer, benjamin crump, has said he planned to file a separate lawsuit against mr. zimmerman at a later date.the martin family and the association tried to settle the lawsuit through mediation earlier in the year but talks fell apart after mr. martin's parents rejected a $1 million offer, said mark o'mara, mr. zimmerman's criminal lawyer . negotiations later resumed and the two sides ultimately reached an agreement . the travelers casualty and surety company of america is the association's insurer.mr. zimmerman, who is charged with second- degree murder in the death of mr. martin, is scheduled to go on trial in june. mr. zimmerman has said that he shot mr. martin, 17, in self-defense.on feb. 26, 2012, mr. zimmerman saw mr. martin walking inside the retreat at twin lakes, with a hoodie pulled over his head to ward off rain . mr. zimmerman called the police and described mr. martin as suspicious, adding that it looked like ""he was up to no good."" the police told him to stay put, but mr. zimmerman got out of his s.u.v. and followed mr. martin as the teenager walked toward his father's girlfriend's house, where he was staying.soon after, mr. martin tackled him and started to punch him and slam his head against the sidewalk, mr. zimmerman told the police . mr. zimmerman reached for his gun and shot mr. martin in the chest, killing him with one bullet. mr. martin did not have a gun.",politics,politics,sports
"washington — senators negotiating a bipartisan deal to keep student loan rates low reached a deal on wednesday night that could end the partisan feud on capitol hill that has threatened to permanently double interest rates.two senate aides said that the new proposal, which had been the subject of tense negotiations since the rates doubled on july, would include both a cap on federal stafford and plus loans and a relatively low interest rate pegged to treasury notes . undergraduates would pay the 10-year treasury note rate, 2.49 percent on wednesday, plus.05 percent, with a cap of.25 percent, to protect them from inflation . graduate students would pay the 10-year treasury rate plus.6 percent, with a cap of.5 percent. loans to parents of students would be given a rate of.6 percent plus the 10-year treasury rate, with a cap of.5 percent.because the senate proposal hews closely to the one the house approved in may, the chances for a deal that can become law have greatly improved. that may not happen until after congress returns from its summer recess after labor day, and house and senate negotiators have an opportunity to reconcile their plans.the issue has been a problem for democrats and republicans in both houses of congress . without a deal, rates would double permanently. congress now sets student loan rates, which were fixed at.4 percent in. when republicans took over the house, they vowed to get the government out of the business of playing banker to students and their families.but in june, just two days before the expiration date, republicans buckled under pressure and extended the fixed rate for one year. this year, president obama and both parties put forward their own plans. house republicans passed their plan in may and then went on the offensive against democrats, who control the senate . senators of both parties have tried to reach a deal for weeks but fought over the cost.",politics,politics,business
"the glock executive testified that he would keep doing business with a gun dealer who had been indicted on a charge of violating firearms laws because ""this is still america"" and ""you're still innocent until proven guilty.""the president of sturm, ruger was not interested in knowing how often the police traced guns back to the company's distributors, saying it ""wouldn't show us anything.""and a top executive for taurus international said his company made no attempt to learn if dealers who sell its products were involved in gun trafficking on the black market . ""i don't even know what a gun trafficker is,"" he said.the world's firearms manufacturers have been largely silent in the debate over gun violence . but their voices emerge from thousands of pages of depositions in a series of liability lawsuits a decade ago, before congress passed a law shielding them from such suits in, and the only time many of them were forced to answer such questions.much of the testimony was marked confidential, and transcripts were packed away in archives at law firms and courthouses around the country. but a review of the documents, which were obtained by the new york times, shows the industry's leaders arguing, often with detachment and defiance, that their companies bear little responsibility, beyond what the law requires, for monitoring the distributors and dealers who sell their guns to the public.the executives claimed not to know if their guns had ever been used in a crime . they eschewed voluntary measures to lessen the risk of them falling into the wrong hands . and they denied that common danger signs — like a single person buying many guns at once or numerous "" crime guns"" that are traced to the same dealer — necessarily meant anything at all.charles brown's company, mks supply, is the sole distributor of an inexpensive brand of gun that frequently turned up in criminal investigations . he said he never examined the trace requests that mks received from federal agents to learn which of his dealers sold the most crime guns. this lack of interest was echoed by charles guevremont, the president of the gun manufacturer browning, who testified that his company would have no reason to review the practices of a dealer who was the subject of numerous trace requests.""that's not for us to enforce the law,"" mr. guevremont said.a discordant note was sounded by one executive — ugo gussalli beretta, a scion of the family of italian firearms makers. his testimony indicated that he did not understand how easy it was to buy multiple guns in the united states, compared with his home country. questioned by a lawyer for the brady center to prevent gun violence, he said he believed — incorrectly — that beretta u.s.a. had a policy requiring its dealers to first determine if there was ""a legitimate need"" for someone to buy so many guns.asked why he thought that, mr. beretta replied, "" common sense ."" because the testimony came in the context of high-stakes litigation, it is difficult to tell how much of it reflected a studied attempt to avoid liability or a fundamentally laissez-faire attitude toward the firearms trade .even so, many of those who testified are still with the same companies, and the issues they were asked about have not gone away. in the wake of the elementary school massacre in newtown, conn., and other recent high-profile shootings, the gun industry's response — that existing laws should be better enforced rather than new restrictions imposed — largely mirrors its stance from a decade ago .because of lobbying by gun-rights groups, there are more restrictions on the government's use of trace data than when the lawsuits began. and the industry continues to oppose limits on multiple gun sales to a single buyer, a major theme of the lawsuits; it is in court fighting a new requirement that dealers report such rifle sales under certain circumstances.regarding mr. beretta's testimony in 2002 about multiple sales, the general counsel of beretta u.s.a., jeffrey reh, said last week that it was possible he had not understood the questions being asked because of the language barrier.""that being said,"" mr. reh said, ""i can advise you that beretta u.s.a.'s position is and has always been that the purchase by an individual of multiple firearms is not, in and of itself, evidence of improper or suspicious behavior.""",politics,politics,business
"the latest new york times / cbs news poll is based on telephone interviews conducted jan. 11 through jan. 15 with,110 adults throughout the united states .the sample of land-line telephone exchanges called was randomly selected by a computer from a complete list of more than,000 active residential exchanges across the country. the exchanges were chosen so as to ensure that each region of the country was represented in proportion to its share of all telephone numbers .within each exchange, random digits were added to form a complete telephone number, thus permitting access to listed and unlisted numbers alike. within each household, one adult was designated by a random procedure to be the respondent for the survey.to increase coverage, this land-line sample was supplemented by respondents reached through random dialing of cellphone numbers . the two samples were then combined and adjusted to assure the proper ratio of land-line-only, cellphone -only and dual phone users .interviewers made multiple attempts to reach every phone number in the survey, calling back unanswered numbers on different days at different times of both day and evening.the combined results have been weighted to adjust for variation in the sample relating to geographic region, sex, race, hispanic origin, marital status, age, education and number of adults in the household. respondents in the land-line sample were also weighted to take account of the number of telephone lines into the residence.in theory, in 19 cases out of, overall results based on such samples will differ by no more than three percentage points in either direction from what would have been obtained by seeking to interview all american adults . for smaller subgroups, the margin of sampling error is larger. for the 504 respondents in gun-owning households it is plus or minus four points. shifts in results between polls over time also have a larger sampling error.in addition to sampling error, the practical difficulties of conducting any survey of public opinion may introduce other sources of error into the poll . variation in the wording and order of questions, for example, may lead to somewhat different results.michael r. kagay of princeton, n.j., assisted the times in its polling analysis. complete questions and results are available at nytimes.com/ polls .",politics,politics,business
"washington — the federal government is making progress on developing a surveillance system that would pair computers with video cameras to scan crowds and automatically identify people by their faces, according to newly disclosed documents and interviews with researchers working on the project. the department of homeland security tested a crowd-scanning project called the biometric optical surveillance system — or boss — last fall after two years of government -financed development. although the system is not ready for use, researchers say they are making significant advances. that alarms privacy advocates, who say that now is the time for the government to establish oversight rules and limits on how it will someday be used.there have been stabs for over a decade at building a system that would help match faces in a crowd with names on a watch list — whether in searching for terrorism suspects at high-profile events like a presidential inaugural parade, looking for criminal fugitives in places like times square or identifying card cheats in crowded casinos.the automated matching of close-up photographs has improved greatly in recent years, and companies like facebook have experimented with it using still pictures.but even with advances in computer power, the technical hurdles involving crowd scans from a distance have proved to be far more challenging. despite occasional much-hyped tests, including one as far back as the 2001 super bowl, technical specialists say crowd scanning is still too slow and unreliable.the release of the documents about the government's efforts to overcome those challenges comes amid a surge of interest in surveillance matters inspired by the leaks by edward j. snowden, the former national security agency contractor . interest in video surveillance was also fueled by the attack on the boston marathon, where suspects were identified by officials looking through camera footage.in a sign of how the use of such technologies can be developed for one use but then expanded to another, the boss research began as an effort to help the military detect potential suicide bombers and other terrorists overseas at ""outdoor polling places in afghanistan and iraq,"" among other sites, the documents show. but in, the effort was transferred to the department of homeland security to be developed for use instead by the police in the united states .after a recent test of the system, the department recommended against deploying it until more improvements could be made. a department official said the contractor was ""continuing to develop boss,"" although there is no sign of when it may be done. but researchers on the project say they made progress, and independent specialists say it is virtually inevitable that someone will make the broader concept work as camera and computer power continue to improve.""i would say we're at least five years off, but it all depends on what kind of goals they have in mind"" for such a system, said anil jain, a specialist in computer vision and biometrics engineering at michigan state university who was not involved in the boss project.the effort to build the boss system involved a two-year, $5.2 million federal contract given to electronic warfare associates, a washington -area military contractor with a branch office in kentucky . the company has been working with the laboratory of aly farag, a university of louisville computer vision specialist, and the contract was steered to the firm by an earmark request in a 2010 appropriations bill by senator mitch mcconnell of kentucky, the republican leader . significant progress is already being made in automated face recognition using photographs taken under ideal conditions, like passport pictures and mug shots. the federal bureau of investigation is spending $1 billion to roll out a next generation identification system that will provide a national mug shot database to help local police departments verify identities.but surveillance of crowds from a distance — in which lighting and shadows vary, and faces tend to be partly obscured or pointed in random directions — is still not reliable or fast enough. the boss research is intended to overcome those challenges by generating far more information for computers to analyze.the system consists of two towers bearing ""robotic camera structures"" with infrared and distance sensors . they take pictures of the same subject from slightly different angles. a computer then processes the images into a ""3-d signature"" built from data like the ratios between various points on someone's face to be compared against data about faces stored in a watch-list database, the documents show. the homeland security department hired the pacific northwest national laboratory to test the boss system at an arena in kennewick, wash. the plan, according to a ""privacy impact assessment,"" was to use 30 volunteers whose facial data would be mingled in a database among,000 mug shots to see whether the system could reliably recognize when any of the volunteers were present.the agency set up six tests to determine the technology's overall accuracy, determining afterward that ""it was not ready for a d.h.s. customer "" — meaning that police departments should not buy it.in interviews, ed tivol of electronic warfare associates and dr. farag both suggested that as computer processing becomes ever faster the remaining obstacles will fall away.",politics,politics,business
"missoula, mont. — it was saturday afternoon, and that meant the pale ale was flowing inside draught works, the latest brewery to open in this beer-loving college town. people swooned over the czech pilsner and the coffee stout. a string band plucked away. as parents ordered another round, their children darted around the tables like giggling schools of fish.it could have been a scene from any thriving upscale neighborhood brew pub. and that is precisely what has ignited a beer war in montana .two decades ago, there were a handful of small brewers across the state . but as the american love affair with homemade beer and microbreweries spreads, montana breweries have popped up from wibaux to whitefish, with frontier monikers like blacksmith, outlaw and glacier.today, this state of wheat and barley fields has more than 30 small breweries, serving up pints for oil workers on the eastern plains, skiers in the mountains and summer travelers bound for national parks . it had the makings of a golden age for bars, beer makers and tipplers across the state .to entice customers and to promote their beers, many of montana's brewers have seized on a 1999 law that lets them open tasting rooms without having to buy a liquor license. there are strict limits — they can sell only three pints per person, and they have to close by 8 p.m. — but the brewers embraced the chance to sell directly to the public. they hired bands, sponsored art events and invited food trucks to park outside. then they watched as the crowds came, with wallets out.""it's literally our billboard,"" said jeff grant, 30, who opened draught works a year and a half ago.montana's bar owners and their powerful tavern lobby howled in protest at what they called unfair new competition. giving away a few thimble-size samples of amber ale was one thing. but the shiny new tap rooms were bars by another name, they said, and threatened to drain business from bar owners who had paid,000 or more for one of the state's scarce liquor licenses.""there are two different sets of rules,"" said john iverson, a lobbyist for the montana tavern association. ""we're asking to be treated fairly.""so they took the battle to the state house. tavern owners proposed a bill that would limit breweries' retail business to 10 percent of their overall sales. when that effort failed, they unsuccessfully urged lawmakers to require nearly all breweries to buy a liquor license.""if you want to act like a bar, be a bar,"" said dax cetraro, whose family runs the rialto bar in helena, the capital.montana's brewers cast their fight in the legislature as a hoppy version of david and goliath, saying the laws could drive them out of business and would stifle a fast-growing industry that employs at least 320 people.""we are not breaking the law,"" said tony herbert, the executive director of the montana brewers association. ""we thought that when you created a $50 million industry, you'd get a pat on the back. instead, we've had nothing but people coming in to stop it and slow it.""but mr. cetraro said some of the breweries had not been playing fair. some tasting rooms are now bigger than an average bar, he said. other beer makers have stopped distributing their beer to him because they can sell it for higher profits from their own taps. he said he lost out on the chance to cater a wedding because a brewery in missoula would not sell him the kegs his customers wanted.the efforts by the tavern owners failed this year, but they may yet succeed in passing new limits in the next legislative session . for now, the small breweries appear to be winning the battle of public sentiment .back at draught works, the mood was decidedly more upbeat as the band tuned up. mr. grant's father once ran a brewery in eastern montana and gave his son a home-brewing kit when he turned. mr. grant served as an apprentice to an arizona brewer, worked on an oil rig in the summers to save money and attended brewery school, all with the goal of being here, surrounded by silver tanks of clothing optional pale ale and quill pig pilsner.bottling and canning beer is expensive, and building a distribution network takes time. for now, mr. grant is selling all of his beer out of his shop . he said he had been overwhelmed by the business inside the tap room, more packed than just about any bar in town.""walk in here on a friday night and see,"" he said.",politics,politics,business
"london — the economic benefits of hosting the olympics in london already outweigh the nine billion pounds of public money spent on the games, the government said on friday.a year on, the games remain a fond memory for most britons who recall the triumphs of runner mo farah and cyclist chris hoy but have gone back to their daily routines in a country where the economy is showing signs of life after a long stagnation .keen to show that the london 2012 games had a lasting impact, the government said it calculated britain had enjoyed a.9 billion pound boost to trade and investment from staging the world's biggest sporting event . spending by foreign tourists also rose by 600 million pounds in.but while the figures show britain well on the way to surpassing a target of 13 billion pounds in economic impact set by prime minister david cameron ahead of the games, economists had previously questioned the basis for government predictions .they caution that it is difficult to quantify the exact economic impact of major sporting events like the olympics and that the sums involved tend to be relatively modest.britain tried to use the international attention focused on the olympics to showcase itself as a place to do business . the government ran a series of conferences in parallel with the games to drive home its message to hundreds of executives who came to the british capital .""we are harnessing the olympic momentum and delivering the lasting business legacy of the games that will help make britain a winner in the global race,"" prime minister david cameron said in a statement.a separate report by a consortium led by accountants grant thornton said the games could generate benefits of between 28 and 41 billion pounds by.uk trade and investment, the department who produced the government figures said they included.9 billion pounds of sales from conferences around the games, 2.5 billion of additional inward investment and.5 billion pounds of contracts for forthcoming olympics and world cups with brazil and russia.it included an investment in london's landmark battersea power station by a malaysian consortium without specifying how it was directly related to the games. also listed were projects involving chinese technology company huawei, indian software firm infosys and u.s. architects gensler giving no details of the nature of the investment.figures aside, britain looks to be well on the way to finding new uses for the expensive facilities built for the games in east london, although there has been some grumbling over the deals struck. premier league football club west ham united are to move into the olympic stadium in, ensuring that it remains a part of the city's sporting landscape but securing only an initial 15 million pounds for a stadium that will have cost taxpayers more than 500 million .the stadium has not been used since the paralympics ended last september but will come back to life next week when it hosts the anniversary games athletics meeting which is expected to feature jamaican sprint champion usain bolt .the most tangible result of the games for now is the changes wrought to a once forgotten and polluted corner of the city's industrial east. stratford, home to the olympics and one of the poorest parts of the capital, now boasts europe's largest urban shopping centre and excellent transport links to the rest of the capital.",sports,sports,business
